iter	Logloss
0	0.4424635086
1	0.3579244193
2	0.3114936612
3	0.2695817393
4	0.251728094
5	0.2301204747
6	0.2106642923
7	0.1873070929
8	0.1744236644
9	0.1584790407
10	0.1461863296
11	0.1380266906
12	0.1304955942
13	0.1243149675
14	0.1157513556
